-- Inserção de dados nas tabelas antes criadas


-- Inserção de dados na tabela Avião
insert into avioes (aviao_nome, aviao_modelo, aviao_assento, aviao_porte, aviao_mobilidade) values('Aero Spacelines', '337-SG/SGT', '499', 'Grande', 's');
insert into avioes (aviao_nome, aviao_modelo, aviao_assento, aviao_porte, aviao_mobilidade) values('Airbus', 'A380', '43', 'Pequeno', 'n');
insert into avioes (aviao_nome, aviao_modelo, aviao_assento, aviao_porte, aviao_mobilidade) values('Boeing', 'B-29', '444', 'Grande', 's');
insert into avioes (aviao_nome, aviao_modelo, aviao_assento, aviao_porte, aviao_mobilidade) values('Caproni', 'Ca.60', '335', 'Grande', 'n');
insert into avioes (aviao_nome, aviao_modelo, aviao_assento, aviao_porte, aviao_mobilidade) values('Douglas', 'XB-10', '189', 'Medio', 'n');
insert into avioes (aviao_nome, aviao_modelo, aviao_assento, aviao_porte, aviao_mobilidade) values('Bristol', 'Brabazon', '369', 'Grande', 'n');
insert into avioes (aviao_nome, aviao_modelo, aviao_assento, aviao_porte, aviao_mobilidade) values('Convair', 'XC-99', '162', 'Pequeno', 's');
insert into avioes (aviao_nome, aviao_modelo, aviao_assento, aviao_porte, aviao_mobilidade) values('Lockheed', 'R6V', '56', 'Pequeno', 's');
insert into avioes (aviao_nome, aviao_modelo, aviao_assento, aviao_porte, aviao_mobilidade) values('McDonell Douglas', 'KC-10', '481', 'Grande', 's');
insert into avioes (aviao_nome, aviao_modelo, aviao_assento, aviao_porte, aviao_mobilidade) values('Northrop Grumman', 'B-2 Spirint', '87', 'Pequeno', 'n');
insert into avioes (aviao_nome, aviao_modelo, aviao_assento, aviao_porte, aviao_mobilidade) values('Tupolev', 'ANT-20', '181', 'Medio', 'n');
insert into avioes (aviao_nome, aviao_modelo, aviao_assento, aviao_porte, aviao_mobilidade) values('Junkers', 'G.38', '492', 'Grande', 'n');
insert into avioes (aviao_nome, aviao_modelo, aviao_assento, aviao_porte, aviao_mobilidade) values('Junkers', 'Ju 390', '369', 'Grande', 's');
insert into avioes (aviao_nome, aviao_modelo, aviao_assento, aviao_porte, aviao_mobilidade) values('Saumders-Roe Princess', '96-JUD', '323', 'Medio', 's');
insert into avioes (aviao_nome, aviao_modelo, aviao_assento, aviao_porte, aviao_mobilidade) values('Zeppelin-Staaken', 'R.VI', '85', 'Pequeno', 's');
insert into avioes (aviao_nome, aviao_modelo, aviao_assento, aviao_porte, aviao_mobilidade) values('Hughes Hercules', 'H-4', '221', 'Pequeno', 'n');
insert into avioes (aviao_nome, aviao_modelo, aviao_assento, aviao_porte, aviao_mobilidade) values('Antonov', 'An-22', '443', 'Grande', 's');
insert into avioes (aviao_nome, aviao_modelo, aviao_assento, aviao_porte, aviao_mobilidade) values('Beriev', 'Be-2500', '144', 'Pequeno', 'n');
insert into avioes (aviao_nome, aviao_modelo, aviao_assento, aviao_porte, aviao_mobilidade) values('Blohm and Voss', 'BV 28', '327', 'Medio', 's');
insert into avioes (aviao_nome, aviao_modelo, aviao_assento, aviao_porte, aviao_mobilidade) values('Dornier', 'Do X', '236', 'Medio', 's');


-- Inserção de dados na tabela Clientes
insert into clientes (cli_nome, cli_NIF, email, telefone, cli_dnsc, cli_necessidades, cli_morada, num_passaporte, observacoes) values('Viviane Mariam de Soares', 125814275, 'vivianesoares@hotmail.com', 926897752, TO_DATE('1992-02-15', 'YYYY-MM-DD'), 's', 'Rua Pescador Bacalhoeiro 75', 'HR619148', 'Cadeirante');
insert into clientes (cli_nome, cli_NIF, email, telefone, cli_dnsc, cli_necessidades, cli_morada, num_passaporte) values('Iris Carregueiro', 140053573, 'iriscarregueiro@hotmail.com', 948211469, TO_DATE('1996-06-03', 'YYYY-MM-DD'), 'n', 'Rua Cardeal Mercier 105', 'WA371814');
insert into clientes (cli_nome, cli_NIF, email, telefone, cli_dnsc, cli_necessidades, cli_morada, num_passaporte) values('Kiara Raíssa de Machado', 116373156, 'kiararaissa@hotmail.com', 993024502, TO_DATE('2004-10-28', 'YYYY-MM-DD'), 'n', 'Rua Pé Mouro Armz 94', 'JL298423');
insert into clientes (cli_nome, cli_NIF, email, telefone, cli_dnsc, cli_necessidades, cli_morada, num_passaporte) values('Deise Pinheiro', 119918340, 'deisepinheiro@hotmail.com', 915834646, TO_DATE('2014-06-25', 'YYYY-MM-DD'), 'n', 'Rua Florindo Calhelha 86', 'SK138808');
insert into clientes (cli_nome, cli_NIF, email, telefone, cli_dnsc, cli_necessidades, cli_morada, num_passaporte, observacoes) values('Matheus Aranha de Couto', 289361427, 'matheusaranha@hotmail.com', 973833366, TO_DATE('1988-05-26', 'YYYY-MM-DD'), 's', 'Rua Outeirô 79', 'RY359175', 'Autismo');
insert into clientes (cli_nome, cli_NIF, email, telefone, cli_dnsc, cli_necessidades, cli_morada, num_passaporte) values('Kataleya Miruna Castelo Castilhos Prates', 268036802, 'kataleyamiruna@hotmail.com', 942280186, TO_DATE('1971-06-22', 'YYYY-MM-DD'), 'n', 'Rua São Bento 50', 'KD953807');
insert into clientes (cli_nome, cli_NIF, email, telefone, cli_dnsc, cli_necessidades, cli_morada, num_passaporte, observacoes) values('Alexandre Patrick Lemes Monforte Morgado', 273641514, 'alexandrepatrick@hotmail.com', 957228201, TO_DATE('1972-07-20', 'YYYY-MM-DD'), 's', 'Rua Padre João A L Ribeiro 89', 'FA188492', 'Surdez');
insert into clientes (cli_nome, cli_NIF, email, telefone, cli_dnsc, cli_necessidades, cli_morada, num_passaporte, observacoes) values('Alexandre Argolo de Prudente', 125458320, 'alexandreargolo@hotmail.com', 984329063, TO_DATE('2007-09-22', 'YYYY-MM-DD'), 's', 'Rua Regato 82', 'LS770487', 'Demência');
insert into clientes (cli_nome, cli_NIF, email, telefone, cli_dnsc, cli_necessidades, cli_morada, num_passaporte) values('Benjamim Isac Campos Gabeira Pedro', 151689040, 'benjaminisac@hotmail.com', 982622505, TO_DATE('2015-05-26', 'YYYY-MM-DD'), 'n', 'Rua Frei Fortunato 97', 'VD977616');
insert into clientes (cli_nome, cli_NIF, email, telefone, cli_dnsc, cli_necessidades, cli_morada, num_passaporte, observacoes) values('Daniela Jeovana Teixeira', 175504270, 'danielajeovana@hotmail.com', 964293441, TO_DATE('2022-02-21', 'YYYY-MM-DD'), 'n', 'Avenida Visconde Valmor 71', 'CN073894', 'Alergico ao Gluten');
insert into clientes (cli_nome, cli_NIF, email, telefone, cli_dnsc, cli_necessidades, cli_morada, num_passaporte) values('Martin Flávio Boeira', 254623786, 'martinflavio@hotmail.com', 979026608, TO_DATE('1970-01-16', 'YYYY-MM-DD'), 'n', 'Rua São Bento 65', 'HP745760');
insert into clientes (cli_nome, cli_NIF, email, telefone, cli_dnsc, cli_necessidades, cli_morada, num_passaporte) values('Brian Sousa Costa', 227286898, 'briansousa@hotmail.com', 921264373, TO_DATE('1976-03-14', 'YYYY-MM-DD'), 'n', 'Rua Cruzes 17', 'TF617428');
insert into clientes (cli_nome, cli_NIF, email, telefone, cli_dnsc, cli_necessidades, cli_morada, num_passaporte, observacoes) values('Salvador Hélder de Moreira', 147552885, 'salvadorhelder@hotmail.com', 957901801, TO_DATE('2023-01-22', 'YYYY-MM-DD'), 's', 'Rua José A Madeira 3', 'ZC338800', 'Invisual');
insert into clientes (cli_nome, cli_NIF, email, telefone, cli_dnsc, cli_necessidades, cli_morada, num_passaporte) values('Guilherme Tomé de Chainho', 273617591, 'guilhermetome@hotmail.com', 937295232, TO_DATE('1975-07-02', 'YYYY-MM-DD'), 'n', 'Rua Patrão Caramelho 72', 'OO089721');
insert into clientes (cli_nome, cli_NIF, email, telefone, cli_dnsc, cli_necessidades, cli_morada, num_passaporte, observacoes) values('Lília Lameirinhas Malafaia', 213223872, 'lilialameirinhas@hotmail.com', 991465929, TO_DATE('1991-10-21', 'YYYY-MM-DD'), 'n', 'Rua Cachoeira 14', 'PP068575', 'Diabético');
insert into clientes (cli_nome, cli_NIF, email, telefone, cli_dnsc, cli_necessidades, cli_morada, num_passaporte, observacoes) values('Leonardo Fazendeiro de Marcondes', 280332874, 'leonardofazendeiro@hotmail.com', 925503215, TO_DATE('2020-02-17', 'YYYY-MM-DD'), 's', 'Rua São Silvestre 32', 'MV778001', 'Parapelegico');
insert into clientes (cli_nome, cli_NIF, email, telefone, cli_dnsc, cli_necessidades, cli_morada, num_passaporte) values('Eliane Carmen Eanes Lousado', 100110614, 'elianecarmen@hotmail.com', 912612055, TO_DATE('1999-10-21', 'YYYY-MM-DD'), 'n', 'Rua Conselheiro João Cunha 107', 'XA742042');
insert into clientes (cli_nome, cli_NIF, email, telefone, cli_dnsc, cli_necessidades, cli_morada, num_passaporte, observacoes) values('Afonso Misael Macedo', 195067797, 'afonsomisael@hotmail.com', 980908536, TO_DATE('1987-01-24', 'YYYY-MM-DD'), 's', 'Rua Vale Miguel 78', 'JK860556', 'Tetrapelegico');
insert into clientes (cli_nome, cli_NIF, email, telefone, cli_dnsc, cli_necessidades, cli_morada, num_passaporte) values('Rosário Castilhos', 126479500, 'rosariocastilhos@hotmail.com', 968397013, TO_DATE('1978-02-19', 'YYYY-MM-DD'), 'n', 'Rua Combatentes G Guerra 17', 'GE996929');
insert into clientes (cli_nome, cli_NIF, email, telefone, cli_dnsc, cli_necessidades, cli_morada, num_passaporte, observacoes) values('Inês Cardim Uchoa', 142629154, 'inescardim@hotmail.com', 934347564, TO_DATE('1989-03-21', 'YYYY-MM-DD'), 'n', 'Rua Doutor José Marques 104', 'NU126245', 'Cardiaco');
insert into clientes (cli_nome, cli_NIF, email, telefone, cli_dnsc, cli_necessidades, cli_morada, num_passaporte) values('Miriam Ribeiro de Ferraz', 138319871, 'miriamribeiro@hotmail.com', 965266086, TO_DATE('1987-07-31', 'YYYY-MM-DD'), 'n', 'Rua Camões 70', 'CA654741');
insert into clientes (cli_nome, cli_NIF, email, telefone, cli_dnsc, cli_necessidades, cli_morada, num_passaporte) values('Catarina Bivar de Cedraz', 249461900, 'catarinabivar@hotmail.com', 976715301, TO_DATE('1974-12-17', 'YYYY-MM-DD'), 'n', 'Rua Padre António Vieira 72', 'RF781540');
insert into clientes (cli_nome, cli_NIF, email, telefone, cli_dnsc, cli_necessidades, cli_morada, num_passaporte) values('Simão Caio Alves Ilha', 211567884, 'siamocaio@hotmail.com', 938658379, TO_DATE('1992-06-12', 'YYYY-MM-DD'), 'n', 'Rua Capela 12', 'AS172062');
insert into clientes (cli_nome, cli_NIF, email, telefone, cli_dnsc, cli_necessidades, cli_morada, num_passaporte) values('Enzo Bruno Bouças', 236806033, 'enzobruno@hotmail.com', 957028722, TO_DATE('1992-08-08', 'YYYY-MM-DD'), 'n', 'Avenida Escolas 87', 'NM909706');
insert into clientes (cli_nome, cli_NIF, email, telefone, cli_dnsc, cli_necessidades, cli_morada, num_passaporte, observacoes) values('Linda Perla Abreu', 209342072, 'lindaperla@hotmail.com', 968097793, TO_DATE('1981-09-21', 'YYYY-MM-DD'), 's', 'Avenida Sacadura Cabral 102', 'XZ029551', 'Mudo');
insert into clientes (cli_nome, cli_NIF, email, telefone, cli_dnsc, cli_necessidades, cli_morada, num_passaporte) values('Diogo Pinheiro Murteira', 136764444, 'diogopinheiro@hotmail.com', 937454946, TO_DATE('1984-06-20', 'YYYY-MM-DD'), 'n', 'Rua Longuinha 31', 'HT964475');
insert into clientes (cli_nome, cli_NIF, email, telefone, cli_dnsc, cli_necessidades, cli_morada, num_passaporte, observacoes) values('Cláudio Levi Franca', 100746586, 'claudiolevi@hotmail.com', 919331152, TO_DATE('1982-10-28', 'YYYY-MM-DD'), 's', 'Rua Pombal 113', 'NK980557', 'Monoparesia de perna');
insert into clientes (cli_nome, cli_NIF, email, telefone, cli_dnsc, cli_necessidades, cli_morada, num_passaporte, observacoes) values('Gonçalo Leonardo Castro', 209999217, 'goncaloleonardo@hotmail.com', 957314513, TO_DATE('1972-12-02', 'YYYY-MM-DD'), 'n', 'Rua Alferes Veiga Pestana 115', 'WI153946', 'Oncologico');
insert into clientes (cli_nome, cli_NIF, email, telefone, cli_dnsc, cli_necessidades, cli_morada, num_passaporte) values('Igor Ismael Capistrano Durão', 267885261, 'igorismael@hotmail.com', 999107645, TO_DATE('1995-10-06', 'YYYY-MM-DD'), 'n', 'Avenida Guerra Junqueiro 3', 'NU029728');
insert into clientes (cli_nome, cli_NIF, email, telefone, cli_dnsc, cli_necessidades, cli_morada, num_passaporte, observacoes) values('Joel Basílio de Espargosa', 204665450, 'josebasilio@hotmail.com', 946984642, TO_DATE('1970-04-24', 'YYYY-MM-DD'), 's', 'Rua Âncora 26', 'SY507179', 'Ostomia');
insert into clientes (cli_nome, cli_NIF, email, telefone, cli_dnsc, cli_necessidades, cli_morada, num_passaporte, observacoes) values('José Álvaro de Coronel', 230260411, 'josealvaro@hotmail.com', 984275583, TO_DATE('1970-04-24', 'YYYY-MM-DD'), 's', 'Rua Vale Miguel 74', 'CE709225', 'Invisual');
insert into clientes (cli_nome, cli_NIF, email, telefone, cli_dnsc, cli_necessidades, cli_morada, num_passaporte) values('Laura Camarinho de Rua', 284921467, 'lauracamarinho@hotmail.com', 928858969, TO_DATE('1972-10-12', 'YYYY-MM-DD'), 'n', 'Rua Viscondessa Andaluz 59', 'YK252699');
insert into clientes (cli_nome, cli_NIF, email, telefone, cli_dnsc, cli_necessidades, cli_morada, num_passaporte) values('Tiago Liam Dourado Ferraço Lago', 157330214, 'tiagoliam@hotmail.com', 921015100, TO_DATE('1984-09-04', 'YYYY-MM-DD'), 'n', 'Rua Sardinha 90', 'IG864832');
insert into clientes (cli_nome, cli_NIF, email, telefone, cli_dnsc, cli_necessidades, cli_morada, num_passaporte) values('Telmo Reis de Ferro', 140292365, 'telmoreis@hotmail.com', 905316339, TO_DATE('1991-09-12', 'YYYY-MM-DD'), 'n', 'Avenida Almirante Reis 112', 'YE664466');
insert into clientes (cli_nome, cli_NIF, email, telefone, cli_dnsc, cli_necessidades, cli_morada, num_passaporte) values('Marco André Aldeia Paulos Saltão', 274247127, 'marcoandre@hotmail.com', 961080256, TO_DATE('1973-11-12', 'YYYY-MM-DD'), 'n', 'Rua Doutor Luís Bettencourt 111', 'LY980447');
insert into clientes (cli_nome, cli_NIF, email, telefone, cli_dnsc, cli_necessidades, cli_morada, num_passaporte) values('Iara Edna Loureiro', 245477934, 'iaraedna@hotmail.com', 975986858, TO_DATE('1997-07-30', 'YYYY-MM-DD'), 'n', 'Rua Padre João A L Ribeiro 11', 'UP214222');
insert into clientes (cli_nome, cli_NIF, email, telefone, cli_dnsc, cli_necessidades, cli_morada, num_passaporte) values('Alya Zoë Borges Lins Serro', 223864676, 'alyazoe@hotmail.com', 928697717, TO_DATE('1974-05-30', 'YYYY-MM-DD'), 'n', 'Rua Engenheiro Duarte Pacheco 17', 'BB620355');
insert into clientes (cli_nome, cli_NIF, email, telefone, cli_dnsc, cli_necessidades, cli_morada, num_passaporte, observacoes) values('Núria Noelle Martinho de Rosmaninho', 108799700, 'nurianoelle@hotmail.com', 954277262, TO_DATE('1990-01-10', 'YYYY-MM-DD'), 'n', 'Rua Sousa Lopes 75', 'UY115146', 'Intolerante à lactose');
insert into clientes (cli_nome, cli_NIF, email, telefone, cli_dnsc, cli_necessidades, cli_morada, num_passaporte) values('Daniel Oliver Moura', 269854770, 'danieloliver@hotmail.com', 903012038, TO_DATE('1974-06-04', 'YYYY-MM-DD'), 'n', 'Avenida João C Real 95', 'VI843843');
insert into clientes (cli_nome, cli_NIF, email, telefone, cli_dnsc, cli_necessidades, cli_morada, num_passaporte) values('Sofía Dayana de Fernandes', 154143251, 'sofiadayana@hotmail.com', 903158668, TO_DATE('1986-11-06', 'YYYY-MM-DD'), 'n', 'Rua Luísa Tody 49', 'HG388818');
insert into clientes (cli_nome, cli_NIF, email, telefone, cli_dnsc, cli_necessidades, cli_morada, num_passaporte) values('Matilde Faia Gadelha', 283654970, 'matildefaia@hotmail.com', 939152481, TO_DATE('1980-08-12', 'YYYY-MM-DD'), 'n', 'Rua Alto Paixão 46', 'NI957494');
insert into clientes (cli_nome, cli_NIF, email, telefone, cli_dnsc, cli_necessidades, cli_morada, num_passaporte) values('Gabriela Eline Canedo', 229276199, 'gabrielaeline@hotmail.com', 959515427, TO_DATE('1981-03-31', 'YYYY-MM-DD'), 'n', 'Avenida Sacadura Cabral 25', 'KD242383');
insert into clientes (cli_nome, cli_NIF, email, telefone, cli_dnsc, cli_necessidades, cli_morada, num_passaporte, observacoes) values('Igor Leonel Feitosa Machado Prestes', 124317227, 'igtoleonel@hotmail.com', 945134169, TO_DATE('1971-09-28', 'YYYY-MM-DD'), 's', 'Rua Velhas 77', 'UN576409', 'Cadeirante');
insert into clientes (cli_nome, cli_NIF, email, telefone, cli_dnsc, cli_necessidades, cli_morada, num_passaporte) values('Julieta Cardim de Esteves', 107084872, 'julietacardim@hotmail.com', 919745504, TO_DATE('1991-01-19', 'YYYY-MM-DD'), 'n', 'Rua Casal Borga 118', 'OO654019');
insert into clientes (cli_nome, cli_NIF, email, telefone, cli_dnsc, cli_necessidades, cli_morada, num_passaporte) values('Vanessa Ruby Rebelo Salazar Viveiros', 253993601, 'vanessaruby@hotmail.com', 954166189, TO_DATE('1982-10-13', 'YYYY-MM-DD'), 'n', 'Rua Pero Vaz Caminha 22', 'WN997406');
insert into clientes (cli_nome, cli_NIF, email, telefone, cli_dnsc, cli_necessidades, cli_morada, num_passaporte) values('Lara Antonela Alencar', 298600358, 'laraantonela@hotmail.com', 915976309, TO_DATE('1989-09-09', 'YYYY-MM-DD'), 'n', 'Rua Igreja 51', 'CH740632');
insert into clientes (cli_nome, cli_NIF, email, telefone, cli_dnsc, cli_necessidades, cli_morada, num_passaporte, observacoes) values('Graça Vilma Lalanda de Sardinha', 203957580, 'gracavilma@hotmail.com', 963970326, TO_DATE('1973-06-24', 'YYYY-MM-DD'), 's', 'Avenida República 19', 'KQ889723', 'Autista');
insert into clientes (cli_nome, cli_NIF, email, telefone, cli_dnsc, cli_necessidades, cli_morada, num_passaporte) values('Margarida Lívia Neto Póvoas Valcácer', 232777233, 'margaridalivia@hotmail.com', 906358562, TO_DATE('2000-10-15', 'YYYY-MM-DD'), 'n', 'Rua Luísa Tody 48', 'OM461852');
insert into clientes (cli_nome, cli_NIF, email, telefone, cli_dnsc, cli_necessidades, cli_morada, num_passaporte) values('Janice Lyara Gravato de Prada', 266445896, 'janicelyara@hotmail.com', 908968031, TO_DATE('1992-07-05', 'YYYY-MM-DD'), 'n', 'Avenida Praia 28', 'LG214171');
insert into clientes (cli_nome, cli_NIF, email, telefone, cli_dnsc, cli_necessidades, cli_morada, num_passaporte) values('Rúben Lorenzo Cardoso Rodrigues', 186995040, 'rubenlorenzo@hotmail.com', 910598046, TO_DATE('1990-06-08', 'YYYY-MM-DD'), 'n', 'Rua Pescador Bacalhoeiro 44', 'KB823870');



-- Inserção de dados na tabela Cartão Bancario
insert into cartaoBancario (ban_nome, ban_SWIFT, ban_IBAN, ban_num, ban_data, ban_CVC) values('Banco Espirito Santo', 'BESCPTPL', 'PT50000730455970830257902', 4315818529462373, '9/2027', 165); 
insert into cartaoBancario (ban_nome, ban_SWIFT, ban_IBAN, ban_num, ban_data, ban_CVC, ban_cli_id) values('Banco Santander Totta', 'TOTAPTPL', 'PT50000749417808839317368', 4508897539283117, '6/2029', 377, 19); 
insert into cartaoBancario (ban_nome, ban_SWIFT, ban_IBAN, ban_num, ban_data, ban_CVC, ban_cli_id) values('Banco BPI', 'BBPIPTPL', 'PT50000779400308179071649', 4864550667293907, '5/2027', 456, 3); 
insert into cartaoBancario (ban_nome, ban_SWIFT, ban_IBAN, ban_num, ban_data, ban_CVC) values('Banco Santander Totta', 'TOTAPTPL', 'PT50000789248765654332221', 4402672876682768, '3/2029', 282); 
insert into cartaoBancario (ban_nome, ban_SWIFT, ban_IBAN, ban_num, ban_data, ban_CVC, ban_cli_id) values('Banco Comercial Portugues', 'BCOMPTPL', 'PT50000778247755875664893', 4264175498806424, '8/2027', 871, 35); 
insert into cartaoBancario (ban_nome, ban_SWIFT, ban_IBAN, ban_num, ban_data, ban_CVC) values('Banco Espirito Santo', 'BESCPTPL', 'PT50000721604255533892443', 4998675715347501, '3/2024', 932); 
insert into cartaoBancario (ban_nome, ban_SWIFT, ban_IBAN, ban_num, ban_data, ban_CVC, ban_cli_id) values('Caixa Geral de Depositos', 'CGDPTPL', 'PT50000799226688250600925', 4537071975238705, '2/2028', 276, 13); 
insert into cartaoBancario (ban_nome, ban_SWIFT, ban_IBAN, ban_num, ban_data, ban_CVC) values('Barclays Bank', 'BARCPTPL', 'PT50000795493955235018713', 4896478610553940, '12/2026', 819); 
insert into cartaoBancario (ban_nome, ban_SWIFT, ban_IBAN, ban_num, ban_data, ban_CVC, ban_cli_id) values('Caixa Geral de Depositos', 'CGDPTPL', 'PT50000759799400108985207', 4910604107320053, '4/2028', 953, 10); 
insert into cartaoBancario (ban_nome, ban_SWIFT, ban_IBAN, ban_num, ban_data, ban_CVC, ban_cli_id) values('Banco Santander Totta', 'TOTAPTPL', 'PT50000776175769382688984', 4522118599828846, '11/2030', 420, 25);
insert into cartaoBancario (ban_nome, ban_SWIFT, ban_IBAN, ban_num, ban_data, ban_CVC) values('Banco BPI', 'BBPIPTPL', 'PT50000719461258086746265', 5270244007331305, '4/2028', 497);
insert into cartaoBancario (ban_nome, ban_SWIFT, ban_IBAN, ban_num, ban_data, ban_CVC) values('Banco Santander Totta', 'TOTAPTPL', 'PT50000717677047602690094', 5454612137873461, '11/2024', 395);
insert into cartaoBancario (ban_nome, ban_SWIFT, ban_IBAN, ban_num, ban_data, ban_CVC, ban_cli_id) values('Banco Comercial Portugues', 'BCOMPTPL', 'PT50000798053391722924261', 5534295948962386, '1/2024', 224, 29);
insert into cartaoBancario (ban_nome, ban_SWIFT, ban_IBAN, ban_num, ban_data, ban_CVC) values('Banco Espirito Santo', 'BESCPTPL', 'PT50000712296248909217879', 5557717891119146, '11/2024', 808);
insert into cartaoBancario (ban_nome, ban_SWIFT, ban_IBAN, ban_num, ban_data, ban_CVC, ban_cli_id) values('Barclays Bank', 'BARCPTPL', 'PT50000785970642921112854', 5171412985259968, '10/2023', 546, 21);
insert into cartaoBancario (ban_nome, ban_SWIFT, ban_IBAN, ban_num, ban_data, ban_CVC) values('Banco Santander Totta', 'TOTAPTPL', 'PT50000744289067647761480', 5320905036670851, '8/2027', 614);
insert into cartaoBancario (ban_nome, ban_SWIFT, ban_IBAN, ban_num, ban_data, ban_CVC, ban_cli_id) values('Banco BPI', 'BBPIPTPL', 'PT50003392642607570562508', 5111741822504290, '6/2026', 273, 8); 
insert into cartaoBancario (ban_nome, ban_SWIFT, ban_IBAN, ban_num, ban_data, ban_CVC) values('Barclays Bank', 'BARCPTPL', 'PT50003310271348791987324', 5358016979347906, '7/2025', 870); 
insert into cartaoBancario (ban_nome, ban_SWIFT, ban_IBAN, ban_num, ban_data, ban_CVC, ban_cli_id) values('Banco BPI', 'BBPIPTPL', 'PT50003359756612297333955', 5481928286366074, '11/2024', 518, 27); 
insert into cartaoBancario (ban_nome, ban_SWIFT, ban_IBAN, ban_num, ban_data, ban_CVC, ban_cli_id) values('Banco Comercial Portugues', 'BCOMPTPL', 'PT50003350687930541790278', 5125699453449207, '4/2029', 771, 17);
insert into cartaoBancario (ban_nome, ban_SWIFT, ban_IBAN, ban_num, ban_data, ban_CVC) values('Banco BPI', 'BBPIPTPL', 'PTP0003336309398842858084', 4982701307517331, '9/2028', 964);
insert into cartaoBancario (ban_nome, ban_SWIFT, ban_IBAN, ban_num, ban_data, ban_CVC, ban_cli_id) values('Banco Comercial Portugues', 'BCOMPTPL', 'PT50003322880140599492320', 5471459065782648, '10/2026', 946, 1);
insert into cartaoBancario (ban_nome, ban_SWIFT, ban_IBAN, ban_num, ban_data, ban_CVC, ban_cli_id) values('Caixa Geral de Depositos', 'CGDPTPL', 'PT50001950995044644683734', 5410743882154329, '3/2029', 645, 37);
insert into cartaoBancario (ban_nome, ban_SWIFT, ban_IBAN, ban_num, ban_data, ban_CVC) values('Banco Espirito Santo', 'BESCPTPL', 'PT50001954730439964277616', 5248388532257573, '11/2025', 657);
insert into cartaoBancario (ban_nome, ban_SWIFT, ban_IBAN, ban_num, ban_data, ban_CVC) values('Barclays Bank', 'BARCPTPL', 'PT50001931672937749914019', 5235974026688251, '7/2027', 772);
insert into cartaoBancario (ban_nome, ban_SWIFT, ban_IBAN, ban_num, ban_data, ban_CVC, ban_cli_id) values('Banco Comercial Portugues', 'BCOMPTPL', 'PT50001952196890187270378', 5198783576520433, '9/2027', 139, 12);
insert into cartaoBancario (ban_nome, ban_SWIFT, ban_IBAN, ban_num, ban_data, ban_CVC, ban_cli_id) values('Banco BPI', 'BBPIPTPL', 'PT50001997968599481893152', 5560073375986435, '12/2025', 443, 31);
insert into cartaoBancario (ban_nome, ban_SWIFT, ban_IBAN, ban_num, ban_data, ban_CVC) values('Banco Espirito Santo', 'BESCPTPL', 'PT50001978710129613944446', 5579038404901993, '4/2025', 221);
insert into cartaoBancario (ban_nome, ban_SWIFT, ban_IBAN, ban_num, ban_data, ban_CVC, ban_cli_id) values('Banco Comercial Portugues', 'BCOMPTPL', 'PT50001928962081008788424', 5499702404613869, '4/2027', 221, 5);
insert into cartaoBancario (ban_nome, ban_SWIFT, ban_IBAN, ban_num, ban_data, ban_CVC, ban_cli_id) values('Barclays Bank', 'BARCPTPL', 'PT50001958806843006141915', 5598823714433457, '5/2025', 741, 40);
insert into cartaoBancario (ban_nome, ban_SWIFT, ban_IBAN, ban_num, ban_data, ban_CVC, ban_cli_id) values('Banco Espirito Santo', 'BESCPTPL', 'PT50001911368041801569627', 5132580405141889, '9/2024', 681, 15);
insert into cartaoBancario (ban_nome, ban_SWIFT, ban_IBAN, ban_num, ban_data, ban_CVC) values('Caixa Geral de Depositos', 'CGDPTPL', 'PT50001948480117350810672', 5576482085579913, '5/2027', 745);
insert into cartaoBancario (ban_nome, ban_SWIFT, ban_IBAN, ban_num, ban_data, ban_CVC, ban_cli_id) values('Banco BPI', 'BBPIPTPL', 'PT50004669011363500205533', 5286999837340139, '5/2027', 210, 44);
insert into cartaoBancario (ban_nome, ban_SWIFT, ban_IBAN, ban_num, ban_data, ban_CVC, ban_cli_id) values('Barclays Bank', 'BARCPTPL', 'PT50004637675360865853593', 5580173817657820, '10/2028', 224, 36);
insert into cartaoBancario (ban_nome, ban_SWIFT, ban_IBAN, ban_num, ban_data, ban_CVC) values('Banco Espirito Santo', 'BESCPTPL', 'PT50004666699948950294622', 5505974622704653, '4/2029', 405);
insert into cartaoBancario (ban_nome, ban_SWIFT, ban_IBAN, ban_num, ban_data, ban_CVC, ban_cli_id) values('Banco Espirito Santo', 'BESCPTPL', 'PT50004685336869989496686', 5225992825623826, '2/2027', 921, 23);
insert into cartaoBancario (ban_nome, ban_SWIFT, ban_IBAN, ban_num, ban_data, ban_CVC) values('Caixa Geral de Depositos', 'CGDPTPL', 'PT50004679323898871192898', 5491110618006466, '9/2028', 467);
insert into cartaoBancario (ban_nome, ban_SWIFT, ban_IBAN, ban_num, ban_data, ban_CVC) values('Banco Santander Totta', 'TOTAPTPL', 'PT50004683254902196444729', 5591558871174984, '1/2026', 459);
insert into cartaoBancario (ban_nome, ban_SWIFT, ban_IBAN, ban_num, ban_data, ban_CVC, ban_cli_id) values('Banco BPI', 'BBPIPTPL', 'PT50004690735831815052888', 5510282408128862, '3/2027', 322, 33);
insert into cartaoBancario (ban_nome, ban_SWIFT, ban_IBAN, ban_num, ban_data, ban_CVC, ban_cli_id) values('Banco Comercial Portugues', 'BCOMPTPL', 'PT50004692295181599129890', 4215188062706953, '7/2024', 334, 42);
insert into cartaoBancario (ban_nome, ban_SWIFT, ban_IBAN, ban_num, ban_data, ban_CVC, ban_cli_id) values('Barclays Bank', 'BARCPTPL', 'PT50004645617841193457022', 4340801176829119, '6/2026', 824, 7);
insert into cartaoBancario (ban_nome, ban_SWIFT, ban_IBAN, ban_num, ban_data, ban_CVC) values('Banco Santander Totta', 'TOTAPTPL', 'PT50004611693262943267754', 4046178114279872, '5/2025', 460);
insert into cartaoBancario (ban_nome, ban_SWIFT, ban_IBAN, ban_num, ban_data, ban_CVC, ban_cli_id) values('Banco Espirito Santo', 'BESCPTPL', 'PT50003826941221799792698', 4986804170575786, '8/2024', 198, 48);
insert into cartaoBancario (ban_nome, ban_SWIFT, ban_IBAN, ban_num, ban_data, ban_CVC, ban_cli_id) values('Banco BPI', 'BBPIPTPL', 'PT50003848236727832190488', 4800179221040781, '5/2029', 665, 18);
insert into cartaoBancario (ban_nome, ban_SWIFT, ban_IBAN, ban_num, ban_data, ban_CVC) values('Caixa Geral de Depositos', 'CGDPTPL', 'PT50003816665754012035821', 4579436983887737, '8/2024', 192); 
insert into cartaoBancario (ban_nome, ban_SWIFT, ban_IBAN, ban_num, ban_data, ban_CVC, ban_cli_id) values('Barclays Bank', 'BARCPTPL', 'PT50003896597162240870407', 4303888312685096, '2/2027', 230, 14);
insert into cartaoBancario (ban_nome, ban_SWIFT, ban_IBAN, ban_num, ban_data, ban_CVC, ban_cli_id) values('Banco Santander Totta', 'TOTAPTPL', 'PT50003827229639900967193', 4694393319126647, '7/2024', 670, 46);
insert into cartaoBancario (ban_nome, ban_SWIFT, ban_IBAN, ban_num, ban_data, ban_CVC) values('Banco BPI', 'BBPIPTPL', 'PT50003841266645927651343', 4313693742702323, '1/2026', 524);
insert into cartaoBancario (ban_nome, ban_SWIFT, ban_IBAN, ban_num, ban_data, ban_CVC, ban_cli_id) values('Barclays Bank', 'BARCPTPL', 'PT50003826690863944655151', 4748065503125231, '9/2026', 166, 28);
insert into cartaoBancario (ban_nome, ban_SWIFT, ban_IBAN, ban_num, ban_data, ban_CVC, ban_cli_id) values('Banco Santander Totta', 'TOTAPTPL', 'PT50003887447783997261452', 4422527684694197, '3/2027', 693, 9);
insert into cartaoBancario (ban_nome, ban_SWIFT, ban_IBAN, ban_num, ban_data, ban_CVC) values('Banco Comercial Portugues', 'BCOMPTPL', 'PT50003868848978239358137', 4928475540239766, '2/2025', 669);
insert into cartaoBancario (ban_nome, ban_SWIFT, ban_IBAN, ban_num, ban_data, ban_CVC, ban_cli_id) values('Banco Santander Totta', 'STOTPTPL', 'PT50000201231234567890154', 5402107387247316, '6/2024', 418, 24);
insert into cartaoBancario (ban_nome, ban_SWIFT, ban_IBAN, ban_num, ban_data, ban_CVC) values('Caixa Geral de Depósitos', 'CGDIPTPL', 'PT50003567899876543210014', 4716296180785462, '1/2025', 724);
insert into cartaoBancario (ban_nome, ban_SWIFT, ban_IBAN, ban_num, ban_data, ban_CVC, ban_cli_id) values('Banco BPI', 'BBPIPTPL', 'PT50001325894362571489624', 5228301964902367, '11/2025', 835, 41);
insert into cartaoBancario (ban_nome, ban_SWIFT, ban_IBAN, ban_num, ban_data, ban_CVC, ban_cli_id) values('Novo Banco', 'BESCPTPL', 'PT50001675483729154680172', 4929681050438924, '4/2024', 557, 6);
insert into cartaoBancario (ban_nome, ban_SWIFT, ban_IBAN, ban_num, ban_data, ban_CVC) values('Banco Millennium BCP', 'BCOMPTPL', 'PT50001478539064125873192', 4532671027691841, '8/2025', 932);
insert into cartaoBancario (ban_nome, ban_SWIFT, ban_IBAN, ban_num, ban_data, ban_CVC, ban_cli_id) values('Banco Montepio', 'BMTPTPL', 'PT50001019234178925463128', 5412398510763490, '3/2025', 697, 50);
insert into cartaoBancario (ban_nome, ban_SWIFT, ban_IBAN, ban_num, ban_data, ban_CVC, ban_cli_id) values('Banco EuroBic', 'BESCPTPL', 'PT50003468765432109876543', 4916283495716025, '9/2024', 783, 38);
insert into cartaoBancario (ban_nome, ban_SWIFT, ban_IBAN, ban_num, ban_data, ban_CVC) values('Banco Invest', 'BINVPTPL', 'PT50001987654321098765432', 4713509863214085, '5/2026', 621);
insert into cartaoBancario (ban_nome, ban_SWIFT, ban_IBAN, ban_num, ban_data, ban_CVC) values('Banco Best', 'BSTTPTPL', 'PT50001876543210987654321', 4539201579842567, '12/2025', 874);
insert into cartaoBancario (ban_nome, ban_SWIFT, ban_IBAN, ban_num, ban_data, ban_CVC, ban_cli_id) values('Banco Finantia', 'BFINPTPL', 'PT50002098765432109876543', 5221874360913576, '7/2025', 569, 47);
insert into cartaoBancario (ban_nome, ban_SWIFT, ban_IBAN, ban_num, ban_data, ban_CVC, ban_cli_id) values('Banco Carregosa', 'BCARPTPL', 'PT50001234567898765432101', 4927564870329187, '10/2024', 713, 30);
insert into cartaoBancario (ban_nome, ban_SWIFT, ban_IBAN, ban_num, ban_data, ban_CVC, ban_cli_id) values('Banco Internacional do Funchal', 'BANIFTPL', 'PT50002287654321098765439', 4710365280471598, '2/2025', 496, 4);
insert into cartaoBancario (ban_nome, ban_SWIFT, ban_IBAN, ban_num, ban_data, ban_CVC, ban_cli_id) values('Banco Crédito Agrícola', 'BCAGPTPL', 'PT50002456789012345678901', 5432987061234589, '6/2027', 825, 32);
insert into cartaoBancario (ban_nome, ban_SWIFT, ban_IBAN, ban_num, ban_data, ban_CVC, ban_cli_id) values('Banco de Portugal', 'BPTPTPL', 'PT50002543210987654321056', 4816394872051369, '1/2024', 642, 22);
insert into cartaoBancario (ban_nome, ban_SWIFT, ban_IBAN, ban_num, ban_data, ban_CVC, ban_cli_id) values('Banco Português de Gestão', 'BPGPTPL', 'PT50002678901234567890134', 5310982347652098, '11/2025', 734, 43);
insert into cartaoBancario (ban_nome, ban_SWIFT, ban_IBAN, ban_num, ban_data, ban_CVC) values('Banco BIG', 'BIGKPTPL', 'PT50002765432109876543223', 4918356018923470, '4/2026', 573);
insert into cartaoBancario (ban_nome, ban_SWIFT, ban_IBAN, ban_num, ban_data, ban_CVC, ban_cli_id) values('Banco Finibanco', 'BNIFPTPL', 'PT50002878901234567890129', 4723148760342859, '8/2024', 916, 11);
insert into cartaoBancario (ban_nome, ban_SWIFT, ban_IBAN, ban_num, ban_data, ban_CVC) values('Banco de Investimento', 'BIIMPTPL', 'PT50002901234567890123456', 5421675489013425, '3/2025', 689);
insert into cartaoBancario (ban_nome, ban_SWIFT, ban_IBAN, ban_num, ban_data, ban_CVC) values('Banco Finibanco Angola', 'BFICPTPL', 'PT50003056789012345678987', 4919243678901357, '9/2025', 754);
insert into cartaoBancario (ban_nome, ban_SWIFT, ban_IBAN, ban_num, ban_data, ban_CVC, ban_cli_id) values('Banco BIC', 'BICMPTPL', 'PT50003123456789012345689', 4714509863214085, '5/2023', 621, 20);
insert into cartaoBancario (ban_nome, ban_SWIFT, ban_IBAN, ban_num, ban_data, ban_CVC, ban_cli_id) values('Banco Besta', 'BBESTPTL', 'PT50003376543210987654321', 4539201579842567, '12/2025', 874, 49);
insert into cartaoBancario (ban_nome, ban_SWIFT, ban_IBAN, ban_num, ban_data, ban_CVC, ban_cli_id) values('Banco Fácil', 'BFACILPT', 'PT50003498765432109876543', 5221874360913576, '7/2025', 569, 34);
insert into cartaoBancario (ban_nome, ban_SWIFT, ban_IBAN, ban_num, ban_data, ban_CVC) values('Banco Desafio', 'BDESCPTL', 'PT50003587654321098765432', 4927564870329187, '10/2024', 713);
insert into cartaoBancario (ban_nome, ban_SWIFT, ban_IBAN, ban_num, ban_data, ban_CVC, ban_cli_id) values('Banco do Futuro', 'BFUTURPT', 'PT50003665432109876543210', 4710365280471598, '2/2025', 496, 39);
insert into cartaoBancario (ban_nome, ban_SWIFT, ban_IBAN, ban_num, ban_data, ban_CVC, ban_cli_id) values('Banco Solidário', 'BSOLIDPT', 'PT50003789012345678901234', 4816394872051369, '1/2024', 642, 2);
insert into cartaoBancario (ban_nome, ban_SWIFT, ban_IBAN, ban_num, ban_data, ban_CVC, ban_cli_id) values('Banco Rápido', 'BRAPIDPT', 'PT50003856789012345678901', 5310982347652098, '11/2025', 734, 26);
insert into cartaoBancario (ban_nome, ban_SWIFT, ban_IBAN, ban_num, ban_data, ban_CVC, ban_cli_id) values('Banco Ágil', 'BAGILPTL', 'PT50003978901234567890123', 4918356018923470, '4/2025', 573, 45);
insert into cartaoBancario (ban_nome, ban_SWIFT, ban_IBAN, ban_num, ban_data, ban_CVC) values('Banco Eficiente', 'BEFICPTL', 'PT50004001234567890123456', 4723148760342859, '8/2024', 916);
insert into cartaoBancario (ban_nome, ban_SWIFT, ban_IBAN, ban_num, ban_data, ban_CVC, ban_cli_id) values('Banco Promissor', 'BPROMIPT', 'PT50004156789012345678987', 5421675489013425, '3/2025', 689, 16);


-- Inserção de dados na tabela Funcionario
insert into funcionarios (fun_nome, fun_cargo, fun_morada, fun_nif, fun_ss, fun_numSeguro, fun_dnsc, fun_contacto, fun_salario, fun_ban_id) values('Lara Camelo Cavalheiro', 'Piloto', 'Rua Doutor Alberto Sampaio 23', 192037447, 73301901520, 'AP20066736153902.05', TO_DATE('1981-07-02', 'YYYY-MM-DD'), 916281041, 9500.00, 38);
insert into funcionarios (fun_nome, fun_cargo, fun_morada, fun_nif, fun_ss, fun_numSeguro, fun_dnsc, fun_contacto, fun_salario, fun_ban_id) values('Márcio Romeu Gonçalves', 'Carregador', 'Rua Velhas 30', 137666985, 11558338761, 'AP20039164820543.05', TO_DATE('1958-03-11', 'YYYY-MM-DD'), 962816557, 6123.00, 4);
insert into funcionarios (fun_nome, fun_cargo, fun_morada, fun_nif, fun_ss, fun_numSeguro, fun_dnsc, fun_contacto, fun_salario, fun_ban_id) values('Soraia Aissatou de Bugalho', 'Segurança', 'Rua Forno 60', 278632122, 11815106672, 'AP20108524301745.05', TO_DATE('1943-12-24', 'YYYY-MM-DD'), 916319005, 6133.00, 21);
insert into funcionarios (fun_nome, fun_cargo, fun_morada, fun_nif, fun_ss, fun_numSeguro, fun_dnsc, fun_contacto, fun_salario, fun_ban_id) values('Valentim Correia Lisboa', 'Piloto', 'Rua José Fernandes Guerreiro 7', 167917412, 95510474002, 'AP19996371863528.05', TO_DATE('1968-12-27', 'YYYY-MM-DD'), 926180426, 7440.00, 60);
insert into funcionarios (fun_nome, fun_cargo, fun_morada, fun_nif, fun_ss, fun_numSeguro, fun_dnsc, fun_contacto, fun_salario, fun_ban_id) values('Wilson Jorge Bugalho Pacheco Passarinho', 'Carregador', 'Rua Vale Formoso 61', 220463158, 35927128055, 'AP20082519635284.05', TO_DATE('1976-07-22', 'YYYY-MM-DD'), 933075276, 2237.00, 11);
insert into funcionarios (fun_nome, fun_cargo, fun_morada, fun_nif, fun_ss, fun_numSeguro, fun_dnsc, fun_contacto, fun_salario, fun_ban_id) values('Sanvi Samragyee Feira Landim Soeiro', 'Limpeza', 'Rua Caminho Cruz 67', 171324080, 27260249391, 'AP20238615389463.05', TO_DATE('1985-01-18', 'YYYY-MM-DD'), 966663918, 3542.00, 79);
insert into funcionarios (fun_nome, fun_cargo, fun_morada, fun_nif, fun_ss, fun_numSeguro, fun_dnsc, fun_contacto, fun_salario, fun_ban_id) values('Gabriel Sérgio Mateus', 'Piloto', 'Rua Pelourinho 51', 176155902, 39366791361, 'AP20029765273549.05', TO_DATE('1987-11-11', 'YYYY-MM-DD'), 927184028, 8264.35, 45);
insert into funcionarios (fun_nome, fun_cargo, fun_morada, fun_nif, fun_ss, fun_numSeguro, fun_dnsc, fun_contacto, fun_salario, fun_ban_id) values('Hugo Matheus de Café', 'Segurança', 'Rua Comandante Henrique Brito 118', 167917412, 86425681687, 'AP20091563728647.05', TO_DATE('1980-12-03', 'YYYY-MM-DD'), 917530166, 6715.83, 14);
insert into funcionarios (fun_nome, fun_cargo, fun_morada, fun_nif, fun_ss, fun_numSeguro, fun_dnsc, fun_contacto, fun_salario, fun_ban_id) values('Miguel Ataíde', 'Piloto', 'Rua Nossa Senhora Graça 117', 228442540, 50001461368, 'AP20207836257184.05', TO_DATE('1952-01-08', 'YYYY-MM-DD'), 936197402, 9453.07, 28);
insert into funcionarios (fun_nome, fun_cargo, fun_morada, fun_nif, fun_ss, fun_numSeguro, fun_dnsc, fun_contacto, fun_salario, fun_ban_id) values('Marta Dutra Escobar', 'Recepcionista', 'Rua Camões 112', 237980142, 30566456807, 'AP20098176352784.05', TO_DATE('2004-11-29', 'YYYY-MM-DD'), 936254912, 1763.13, 51);
insert into funcionarios (fun_nome, fun_cargo, fun_morada, fun_nif, fun_ss, fun_numSeguro, fun_dnsc, fun_contacto, fun_salario, fun_ban_id) values('Bárbara Barroqueiro', 'Segurança', 'Rua Igreja 35', 213550830, 57545728194, 'AP20039826301637.05', TO_DATE('2002-10-16', 'YYYY-MM-DD'), 916254972, 5657.82, 70);
insert into funcionarios (fun_nome, fun_cargo, fun_morada, fun_nif, fun_ss, fun_numSeguro, fun_dnsc, fun_contacto, fun_salario, fun_ban_id) values('Arthur Jesus Malho Marins Soares', 'Hospedeiro', 'Rua Galé 17', 119891905, 39598233391, 'AP20077281954024.05', TO_DATE('1989-09-07', 'YYYY-MM-DD'), 927640174, 7126.89, 6);
insert into funcionarios (fun_nome, fun_cargo, fun_morada, fun_nif, fun_ss, fun_numSeguro, fun_dnsc, fun_contacto, fun_salario, fun_ban_id) values('Samanta Cabeça de Vaca', 'Limpeza', 'Rua Doutor José Marques 43', 127731156, 58091343656, 'AP20018652537810.05', TO_DATE('1999-04-11', 'YYYY-MM-DD'), 963842954, 1676.71, 35);
insert into funcionarios (fun_nome, fun_cargo, fun_morada, fun_nif, fun_ss, fun_numSeguro, fun_dnsc, fun_contacto, fun_salario, fun_ban_id) values('Afonso Brião Covilhã', 'Piloto', 'Rua Sarmento Pimentel 26', 188491570, 65750864753, 'AP20078639164826.05', TO_DATE('1985-02-09', 'YYYY-MM-DD'), 916303646, 8304.17, 18);
insert into funcionarios (fun_nome, fun_cargo, fun_morada, fun_nif, fun_ss, fun_numSeguro, fun_dnsc, fun_contacto, fun_salario, fun_ban_id) values('Flávia Boga Lobato', 'Piloto', 'Rua Leite Vasconcelos 35', 208658505, 47504868975, 'AP20096371964729.05', TO_DATE('1956-07-30', 'YYYY-MM-DD'), 968973474, 8866.93, 42);
insert into funcionarios (fun_nome, fun_cargo, fun_morada, fun_nif, fun_ss, fun_numSeguro, fun_dnsc, fun_contacto, fun_salario, fun_ban_id) values('Delia Barroca Cidreira', 'Piloto', 'Rua Doutor Manuel Faria 80', 100152473, 63648471618, 'AP20207849163729.05', TO_DATE('1997-07-04', 'YYYY-MM-DD'), 961754635, 8310.30, 67);
insert into funcionarios (fun_nome, fun_cargo, fun_morada, fun_nif, fun_ss, fun_numSeguro, fun_dnsc, fun_contacto, fun_salario, fun_ban_id) values('Leonardo Ávila Mamouros', 'Limpeza', 'Rua Coutada 47', 258990732, 41859033148, 'AP20019637258045.05', TO_DATE('1971-08-03', 'YYYY-MM-DD'), 934851511, 4100.80, 24);
insert into funcionarios (fun_nome, fun_cargo, fun_morada, fun_nif, fun_ss, fun_numSeguro, fun_dnsc, fun_contacto, fun_salario, fun_ban_id) values('Marco Lima de Boto', 'Hospedeiro', 'Rua Camões 6', 218949812, 54394448867, 'AP20071835289534.05', TO_DATE('1995-01-18', 'YYYY-MM-DD'), 928942756, 7995.27, 56);
insert into funcionarios (fun_nome, fun_cargo, fun_morada, fun_nif, fun_ss, fun_numSeguro, fun_dnsc, fun_contacto, fun_salario, fun_ban_id) values('Elisabete Alcântara de Infante', 'Recepcionista', 'Rua Viscondessa Andaluz 88', 142612693, 74867095793, 'AP20048463715385.05', TO_DATE('1963-03-28', 'YYYY-MM-DD'), 910743842, 3794.99, 32);
insert into funcionarios (fun_nome, fun_cargo, fun_morada, fun_nif, fun_ss, fun_numSeguro, fun_dnsc, fun_contacto, fun_salario, fun_ban_id) values('Isac Abel de Valente', 'Segurança', 'Rua Nuno Álvares 60', 177720689, 83484648152, 'AP20067361738543.05', TO_DATE('1959-02-14','YYYY-MM-DD'), 917420534, 5792.81, 8);
insert into funcionarios (fun_nome, fun_cargo, fun_morada, fun_nif, fun_ss, fun_numSeguro, fun_dnsc, fun_contacto, fun_salario, fun_ban_id) values('Natália Thaís Feira Travassos', 'Limpeza', 'Rua Velhas 23', 116444533, 60205749730, 'AP20084638925640.05', TO_DATE('1984-12-19','YYYY-MM-DD'), 937564883, 3857.02, 74);
insert into funcionarios (fun_nome, fun_cargo, fun_morada, fun_nif, fun_ss, fun_numSeguro, fun_dnsc, fun_contacto, fun_salario, fun_ban_id) values('Isac Ian Gusmão Maciel Noronha', 'Co-Piloto', 'Rua Florbela Espanca 48', 195170342, 90174123870, 'AP20209736159365.05', TO_DATE('1945-03-20','YYYY-MM-DD'), 928468386, 8542.90, 1);
insert into funcionarios (fun_nome, fun_cargo, fun_morada, fun_nif, fun_ss, fun_numSeguro, fun_dnsc, fun_contacto, fun_salario, fun_ban_id) values('Marta Dandara Carvalho de Pederneiras', 'Segurança', 'Rua 1ª Travessa-Calheta 38', 247877247, 42149656518, 'AP20058539264851.05', TO_DATE('1992-05-06','YYYY-MM-DD'), 910537247, 5324.67, 53);
insert into funcionarios (fun_nome, fun_cargo, fun_morada, fun_nif, fun_ss, fun_numSeguro, fun_dnsc, fun_contacto, fun_salario, fun_ban_id) values('Leonardo Araújo Castro', 'Recepcionista', 'Rua Doutor Alberto Sampaio 42', 209445866, 85922537606, 'AP20096471935205.05', TO_DATE('1984-12-18','YYYY-MM-DD'), 960042631, 4245.03, 16);
insert into funcionarios (fun_nome, fun_cargo, fun_morada, fun_nif, fun_ss, fun_numSeguro, fun_dnsc, fun_contacto, fun_salario, fun_ban_id) values('Lourenço Cristian Vaz Rosmaninho', 'Hospedeiro', 'Rua Coutada 9', 194710262, 80105009672, 'AP20108462894518.05', TO_DATE('1997-11-04','YYYY-MM-DD'), 925738654, 7960.70, 48);
insert into funcionarios (fun_nome, fun_cargo, fun_morada, fun_nif, fun_ss, fun_numSeguro, fun_dnsc, fun_contacto, fun_salario, fun_ban_id) values('Clara Nabiha Cabeça de Ginjeira', 'Co-Piloto', 'Rua São Salvador 58', 149597258, 29580326913, 'AP20168351783925.05', TO_DATE('1953-07-29','YYYY-MM-DD'), 926348410, 9337.10, 69);
insert into funcionarios (fun_nome, fun_cargo, fun_morada, fun_nif, fun_ss, fun_numSeguro, fun_dnsc, fun_contacto, fun_salario, fun_ban_id) values('Dinis André Figueiredo de Rocha', 'Carregador', 'Rua Casal Borga 41', 187801851, 67352662974, 'AP20218547193528.05', TO_DATE('1975-10-03','YYYY-MM-DD'), 913078426, 3207.89, 25);
insert into funcionarios (fun_nome, fun_cargo, fun_morada, fun_nif, fun_ss, fun_numSeguro, fun_dnsc, fun_contacto, fun_salario, fun_ban_id) values('Jesus Adriel de Abrantes', 'Recepcionista', 'Rua Capela 72', 100518672, 47730064122, 'AP20185472891064.05', TO_DATE('1967-03-05','YYYY-MM-DD'), 937567920, 5940.30, 37);
insert into funcionarios (fun_nome, fun_cargo, fun_morada, fun_nif, fun_ss, fun_numSeguro, fun_dnsc, fun_contacto, fun_salario, fun_ban_id) values('Suzi Alves Garcia', 'Recepcionista', 'Rua Palmeira 80', 140627766, 41042810593, 'AP19808352891574.05', TO_DATE('1945-11-21','YYYY-MM-DD'), 919047473, 1617.05, 12);
insert into funcionarios (fun_nome, fun_cargo, fun_morada, fun_nif, fun_ss, fun_numSeguro, fun_dnsc, fun_contacto, fun_salario, fun_ban_id) values('Antonella Estrela de Moreira', 'Recepcionista', 'Rua Figueiras 2', 244850143, 29503254224, 'AP20164839164925.05', TO_DATE('1941-11-05','YYYY-MM-DD') 916383954, 2194.90, 59);


-- Inserção de dados na tabela Localidade
insert into localidade (loc_nome, loc_duracao, loc_distancia) values('New York', '04:00', '300 km');
insert into localidade (loc_nome, loc_duracao, loc_distancia) values('London', '02:30', '200 km');
insert into localidade (loc_nome, loc_duracao, loc_distancia) values('Tokyo', '05:00', '400 km');
insert into localidade (loc_nome, loc_duracao, loc_distancia) values('Paris', '02:15', '180 km');
insert into localidade (loc_nome, loc_duracao, loc_distancia) values('Sydney', '06:00', '500 km');
insert into localidade (loc_nome, loc_duracao, loc_distancia) values('Dubai', '01:30', '120 km');
insert into localidade (loc_nome, loc_duracao, loc_distancia) values('Berlin', '03:00', '250 km');
insert into localidade (loc_nome, loc_duracao, loc_distancia) values('Beijing', '08:00', '700 km');
insert into localidade (loc_nome, loc_duracao, loc_distancia) values('Toronto', '04:30', '350 km');
insert into localidade (loc_nome, loc_duracao, loc_distancia) values('Moscow', '03:50', '300 km');
insert into localidade (loc_nome, loc_duracao, loc_distancia) values('Istanbul', '02:00', '180 km');
insert into localidade (loc_nome, loc_duracao, loc_distancia) values('Cairo', '05:50', '450 km');
insert into localidade (loc_nome, loc_duracao, loc_distancia) values('Bangkok', '03:15', '250 km');
insert into localidade (loc_nome, loc_duracao, loc_distancia) values('Mumbai', '07:00', '600 km');
insert into localidade (loc_nome, loc_duracao, loc_distancia) values('Los Angeles', '01:45', '150 km');
insert into localidade (loc_nome, loc_duracao, loc_distancia) values('Rio de Janeiro', '09:00', '800 km');
insert into localidade (loc_nome, loc_duracao, loc_distancia) values('Seoul', '02:30', '220 km');
insert into localidade (loc_nome, loc_duracao, loc_distancia) values('Mexico City', '05:00', '400 km');
insert into localidade (loc_nome, loc_duracao, loc_distancia) values('Rome', '02:30', '200 km');
insert into localidade (loc_nome, loc_duracao, loc_distancia) values('Shanghai', '06:30', '550 km');
insert into localidade (loc_nome, loc_duracao, loc_distancia) values('Cape Town', '04:00', '350 km');
insert into localidade (loc_nome, loc_duracao, loc_distancia) values('Toronto', '02:15', '180 km');
insert into localidade (loc_nome, loc_duracao, loc_distancia) values('Buenos Aires', '07:30', '650 km');
insert into localidade (loc_nome, loc_duracao, loc_distancia) values('Berlin', '03:45', '300 km');
insert into localidade (loc_nome, loc_duracao, loc_distancia) values('Madrid', '02:00', '180 km');
insert into localidade (loc_nome, loc_duracao, loc_distancia) values('Singapore', '05:30', '450 km');
insert into localidade (loc_nome, loc_duracao, loc_distancia) values('Amsterdam', '02:45', '220 km');
insert into localidade (loc_nome, loc_duracao, loc_distancia) values('Vienna', '04:00', '300 km');
insert into localidade (loc_nome, loc_duracao, loc_distancia) values('Prague', '01:30', '120 km');
insert into localidade (loc_nome, loc_duracao, loc_distancia) values('Stockholm', '03:15', '250 km');
insert into localidade (loc_nome, loc_duracao, loc_distancia) values('Athens', '06:00', '500 km');
insert into localidade (loc_nome, loc_duracao, loc_distancia) values('Dublin', '02:30', '200 km');
insert into localidade (loc_nome, loc_duracao, loc_distancia) values('Lisbon', '05:00', '400 km');
insert into localidade (loc_nome, loc_duracao, loc_distancia) values('Vancouver', '03:00', '250 km');
insert into localidade (loc_nome, loc_duracao, loc_distancia) values('San Francisco', '01:45', '150 km');
insert into localidade (loc_nome, loc_duracao, loc_distancia) values('Melbourne', '08:00', '700 km');
insert into localidade (loc_nome, loc_duracao, loc_distancia) values('Osaka', '02:45', '220 km');
insert into localidade (loc_nome, loc_duracao, loc_distancia) values('Dubai', '05:00', '400 km');
insert into localidade (loc_nome, loc_duracao, loc_distancia) values('Munich', '02:00', '180 km');
insert into localidade (loc_nome, loc_duracao, loc_distancia) values('Barcelona', '06:00', '500 km');
insert into localidade (loc_nome, loc_duracao, loc_distancia) values('Beijing', '01:30', '200 km');
insert into localidade (loc_nome, loc_duracao, loc_distancia) values('Hanoi', '04:00', '300 km');
insert into localidade (loc_nome, loc_duracao, loc_distancia) values('Delhi', '01:30', '120 km');
insert into localidade (loc_nome, loc_duracao, loc_distancia) values('Johannesburg', '03:15', '250 km');
insert into localidade (loc_nome, loc_duracao, loc_distancia) values('Toronto', '06:00', '500 km');
insert into localidade (loc_nome, loc_duracao, loc_distancia) values('Riyadh', '02:15', '180 km');


-- Inserção de dados na tabela Bilhetes
insert into bilhetes (bi_preco, bi_assento, bi_numVoo, bi_horario, bi_gate, bi_data, bi_cli_id, bi_ban_id, bi_loc_id) values(1683.89, 'B2', 'LGG4552AZ', '20:48', 'W12', TO_DATE('2024-01-21', 'YYYY-MM-DD'), 1, 22, 1);
insert into bilhetes (bi_preco, bi_assento, bi_numVoo, bi_horario, bi_gate, bi_data, bi_cli_id, bi_ban_id, bi_loc_id) values(316.27, 'F6', 'ECZ9279SU', '00:50', 'Y0', TO_DATE('2024-02-27', 'YYYY-MM-DD'), 2, 76, 2);
insert into bilhetes (bi_preco, bi_assento, bi_numVoo, bi_horario, bi_gate, bi_data, bi_cli_id, bi_ban_id, bi_loc_id) values(3329.84, 'F6', 'SSH2097YH', '21:36', 'MQ83', TO_DATE('2024-04-04', 'YYYY-MM-DD'), 3, 3, 3);
insert into bilhetes (bi_preco, bi_assento, bi_numVoo, bi_horario, bi_gate, bi_data, bi_cli_id, bi_ban_id, bi_loc_id) values(829.64, 'J9', 'KPQ7572PN', '12:51', 'O26', TO_DATE('2024-04-06', 'YYYY-MM-DD'), 4, 63, 4);
insert into bilhetes (bi_preco, bi_assento, bi_numVoo, bi_horario, bi_gate, bi_data, bi_cli_id, bi_ban_id, bi_loc_id) values(90.89, 'F6', 'KDY8436SU', '22:21', 'B126', TO_DATE('2024-04-15', 'YYYY-MM-DD'), 5, 29, 5);
insert into bilhetes (bi_preco, bi_assento, bi_numVoo, bi_horario, bi_gate, bi_data, bi_cli_id, bi_ban_id, bi_loc_id) values(700.00, 'G7', 'SPJ0740GW', '11:09', 'KN252', TO_DATE('2024-03-28', 'YYYY-MM-DD'), 6, 55, 6);
insert into bilhetes (bi_preco, bi_assento, bi_numVoo, bi_horario, bi_gate, bi_data, bi_cli_id, bi_ban_id, bi_loc_id) values(64.83, 'B2', 'LRU8110GY', '06:05', 'M60', TO_DATE('2024-03-24', 'YYYY-MM-DD'), 7, 41, 7);
insert into bilhetes (bi_preco, bi_assento, bi_numVoo, bi_horario, bi_gate, bi_data, bi_cli_id, bi_ban_id, bi_loc_id) values(672.71, 'K10', 'VWD3644EZ', '13:25', 'S324', TO_DATE('2024-03-03', 'YYYY-MM-DD'), 8, 17, 8);
insert into bilhetes (bi_preco, bi_assento, bi_numVoo, bi_horario, bi_gate, bi_data, bi_cli_id, bi_ban_id, bi_loc_id) values(7826.92, 'H8', 'QOM5704HT', '16:27', 'XH8', TO_DATE('2024-02-15', 'YYYY-MM-DD'), 9, 50, 9);
insert into bilhetes (bi_preco, bi_assento, bi_numVoo, bi_horario, bi_gate, bi_data, bi_cli_id, bi_ban_id, bi_loc_id) values(284.90, 'D4', 'MDO4207OZ', '10:23', 'SG9', TO_DATE('2024-04-12', 'YYYY-MM-DD'), 10, 9, 10);
insert into bilhetes (bi_preco, bi_assento, bi_numVoo, bi_horario, bi_gate, bi_data, bi_cli_id, bi_ban_id, bi_loc_id) values(2012.99, 'F6', 'LWP6923JG', '04:22', 'E692', TO_DATE('2024-02-08', 'YYYY-MM-DD'), 11, 68, 11);
insert into bilhetes (bi_preco, bi_assento, bi_numVoo, bi_horario, bi_gate, bi_data, bi_cli_id, bi_ban_id, bi_loc_id) values(2799.16, 'A1', 'YSR6123UK', '07:41', 'DV140', TO_DATE('2023-12-17', 'YYYY-MM-DD'), 12, 26, 12);
insert into bilhetes (bi_preco, bi_assento, bi_numVoo, bi_horario, bi_gate, bi_data, bi_cli_id, bi_ban_id, bi_loc_id) values(1070.72, 'D4', 'PQP2201SK', '12:45', 'M83', TO_DATE('2024-01-31', 'YYYY-MM-DD'), 13, 7, 13);
insert into bilhetes (bi_preco, bi_assento, bi_numVoo, bi_horario, bi_gate, bi_data, bi_cli_id, bi_ban_id, bi_loc_id) values(1272.20, 'J9', 'NKW4513GE', '03:20', 'I0', TO_DATE('2023-12-25', 'YYYY-MM-DD'), 14, 46, 14);
insert into bilhetes (bi_preco, bi_assento, bi_numVoo, bi_horario, bi_gate, bi_data, bi_cli_id, bi_ban_id, bi_loc_id) values(2140.90, 'A1', 'OMG3215AA', '06:42', 'ME9', TO_DATE('2024-03-27', 'YYYY-MM-DD'), 15, 31, 15);
insert into bilhetes (bi_preco, bi_assento, bi_numVoo, bi_horario, bi_gate, bi_data, bi_cli_id, bi_ban_id, bi_loc_id) values(2304.17, 'H8', 'XTN4526ED', '19:33', 'D7', TO_DATE('2024-02-06', 'YYYY-MM-DD'), 16, 80, 16);
insert into bilhetes (bi_preco, bi_assento, bi_numVoo, bi_horario, bi_gate, bi_data, bi_cli_id, bi_ban_id, bi_loc_id) values(3975.71, 'B2', 'POA2279BC', '11:24', 'EG3', TO_DATE('2024-02-13', 'YYYY-MM-DD'), 17, 20, 17);
insert into bilhetes (bi_preco, bi_assento, bi_numVoo, bi_horario, bi_gate, bi_data, bi_cli_id, bi_ban_id, bi_loc_id) values(292.00, 'C3', 'XTV2076NJ', '10:07', 'A495', TO_DATE('2024-03-24', 'YYYY-MM-DD'), 18, 44, 18);
insert into bilhetes (bi_preco, bi_assento, bi_numVoo, bi_horario, bi_gate, bi_data, bi_cli_id, bi_ban_id, bi_loc_id) values(3131.31, 'J9', 'KTV9284TX', '21:58', 'M516', TO_DATE('2023-12-22', 'YYYY-MM-DD'), 19, 2, 19);
insert into bilhetes (bi_preco, bi_assento, bi_numVoo, bi_horario, bi_gate, bi_data, bi_cli_id, bi_ban_id, bi_loc_id) values(372.09, 'J9', 'ZDW1155YS', '15:35', 'Q94', TO_DATE('2023-12-02', 'YYYY-MM-DD'), 20, 71, 20);
insert into bilhetes (bi_preco, bi_assento, bi_numVoo, bi_horario, bi_gate, bi_data, bi_cli_id, bi_ban_id, bi_loc_id) values(3572.87, 'D4', 'NRP6881RI', '01:09', 'C840', TO_DATE('2023-12-22', 'YYYY-MM-DD'), 21, 15, 21);
insert into bilhetes (bi_preco, bi_assento, bi_numVoo, bi_horario, bi_gate, bi_data, bi_cli_id, bi_ban_id, bi_loc_id) values(5522.91, 'B2', 'YXG6131CM', '13:00', 'DG7', TO_DATE('2024-01-25', 'YYYY-MM-DD'), 22, 65, 22);
insert into bilhetes (bi_preco, bi_assento, bi_numVoo, bi_horario, bi_gate, bi_data, bi_cli_id, bi_ban_id, bi_loc_id) values(6636.16, 'G7', 'SBL9766VF', '21:46', 'GK61', TO_DATE('2024-03-16', 'YYYY-MM-DD'), 23, 36, 23);
insert into bilhetes (bi_preco, bi_assento, bi_numVoo, bi_horario, bi_gate, bi_data, bi_cli_id, bi_ban_id, bi_loc_id) values(2068.52, 'F6', 'FHS8413YT', '20:36', 'G147', TO_DATE('2024-04-26', 'YYYY-MM-DD'), 24, 52, 24);
insert into bilhetes (bi_preco, bi_assento, bi_numVoo, bi_horario, bi_gate, bi_data, bi_cli_id, bi_ban_id, bi_loc_id) values(6440.71, 'D4', 'RLA2155YF', '18:40', 'VK53', TO_DATE('2024-02-01', 'YYYY-MM-DD'), 25, 10, 25);
insert into bilhetes (bi_preco, bi_assento, bi_numVoo, bi_horario, bi_gate, bi_data, bi_cli_id, bi_ban_id, bi_loc_id) values(3816.16, 'C3', 'FGH3942AZ', '02:46', 'Y029', TO_DATE('2024-04-03', 'YYYY-MM-DD'), 26, 77, 26);
insert into bilhetes (bi_preco, bi_assento, bi_numVoo, bi_horario, bi_gate, bi_data, bi_cli_id, bi_ban_id, bi_loc_id) values(3356.72, 'F6', 'DRD2286ZC', '05:47', 'K22', TO_DATE('2024-04-20', 'YYYY-MM-DD'), 27, 19, 27);
insert into bilhetes (bi_preco, bi_assento, bi_numVoo, bi_horario, bi_gate, bi_data, bi_cli_id, bi_ban_id, bi_loc_id) values(6651.19, 'J9', 'PZY3805IR', '02:56', 'U23', TO_DATE('2023-12-01', 'YYYY-MM-DD'), 28, 49, 28);
insert into bilhetes (bi_preco, bi_assento, bi_numVoo, bi_horario, bi_gate, bi_data, bi_cli_id, bi_ban_id, bi_loc_id) values(6249.26, 'C3', 'OAG3461MI', '15:06', 'I4', TO_DATE('2024-04-10', 'YYYY-MM-DD'), 29, 13, 29);
insert into bilhetes (bi_preco, bi_assento, bi_numVoo, bi_horario, bi_gate, bi_data, bi_cli_id, bi_ban_id, bi_loc_id) values(4044.73, 'E5', 'MKI2030YP', '17:45', 'NZ370', TO_DATE('2024-04-26', 'YYYY-MM-DD'), 30, 62, 30);
insert into bilhetes (bi_preco, bi_assento, bi_numVoo, bi_horario, bi_gate, bi_data, bi_cli_id, bi_ban_id, bi_loc_id) values(4249.47, 'C3', 'RBI8899FN', '11:12', 'GX07', TO_DATE('2024-03-09', 'YYYY-MM-DD'), 31, 27, 31);
insert into bilhetes (bi_preco, bi_assento, bi_numVoo, bi_horario, bi_gate, bi_data, bi_cli_id, bi_ban_id, bi_loc_id) values(1801.15, 'B2', 'IRL8790PD', '23:37', 'OG622', TO_DATE('2023-12-29', 'YYYY-MM-DD'), 32, 64, 32);
insert into bilhetes (bi_preco, bi_assento, bi_numVoo, bi_horario, bi_gate, bi_data, bi_cli_id, bi_ban_id, bi_loc_id) values(5381.82, 'C3', 'EIH7388XG', '23:28', 'ZX20', TO_DATE('2024-04-04', 'YYYY-MM-DD'), 33, 39, 33);
insert into bilhetes (bi_preco, bi_assento, bi_numVoo, bi_horario, bi_gate, bi_data, bi_cli_id, bi_ban_id, bi_loc_id) values(6290.17, 'A1', 'ZOF0338FA', '10:33', 'ZJ81', TO_DATE('2024-03-12', 'YYYY-MM-DD'), 34, 73, 34);
insert into bilhetes (bi_preco, bi_assento, bi_numVoo, bi_horario, bi_gate, bi_data, bi_cli_id, bi_ban_id, bi_loc_id) values(6842.15, 'H8', 'WKH4511UM', '00:33', 'LV00', TO_DATE('2024-01-25', 'YYYY-MM-DD'), 35, 5, 35);
insert into bilhetes (bi_preco, bi_assento, bi_numVoo, bi_horario, bi_gate, bi_data, bi_cli_id, bi_ban_id, bi_loc_id) values(2713.01, 'H8', 'GIT7869YE', '16:40', 'KG010', TO_DATE('2024-03-04', 'YYYY-MM-DD'), 36, 34, 36);
insert into bilhetes (bi_preco, bi_assento, bi_numVoo, bi_horario, bi_gate, bi_data, bi_cli_id, bi_ban_id, bi_loc_id) values(1660.00, 'K10', 'SRL5127LD', '11:59', 'XT729', TO_DATE('2024-01-26', 'YYYY-MM-DD'), 37, 23, 37);
insert into bilhetes (bi_preco, bi_assento, bi_numVoo, bi_horario, bi_gate, bi_data, bi_cli_id, bi_ban_id, bi_loc_id) values(5781.82, 'G7', 'JPF4375ZO', '13:19', 'RZ07', TO_DATE('2023-12-15', 'YYYY-MM-DD'), 38, 58, 38);
insert into bilhetes (bi_preco, bi_assento, bi_numVoo, bi_horario, bi_gate, bi_data, bi_cli_id, bi_ban_id, bi_loc_id) values(1025.63, 'E5', 'OFK1029RE', '21:24', 'W59', TO_DATE('2024-01-17', 'YYYY-MM-DD'), 39, 75, 39);
insert into bilhetes (bi_preco, bi_assento, bi_numVoo, bi_horario, bi_gate, bi_data, bi_cli_id, bi_ban_id, bi_loc_id) values(448.81, 'K10', 'GMD1696RI', '06:50', 'X300', TO_DATE('2024-04-03', 'YYYY-MM-DD'), 40, 30, 40);
insert into bilhetes (bi_preco, bi_assento, bi_numVoo, bi_horario, bi_gate, bi_data, bi_cli_id, bi_ban_id, bi_loc_id) values(805.18, 'F6', 'KHH8901QT', '10:20', 'S26', TO_DATE('2024-04-18', 'YYYY-MM-DD'), 41, 54, 41);
insert into bilhetes (bi_preco, bi_assento, bi_numVoo, bi_horario, bi_gate, bi_data, bi_cli_id, bi_ban_id, bi_loc_id) values(480.93, 'K10', 'CGS7488IO', '13:15', 'A5', TO_DATE('2023-12-22', 'YYYY-MM-DD'), 42, 40, 42);
insert into bilhetes (bi_preco, bi_assento, bi_numVoo, bi_horario, bi_gate, bi_data, bi_cli_id, bi_ban_id, bi_loc_id) values(562.99, 'E5', 'CPM5463DC', '17:05', 'OJ6', TO_DATE('2024-03-01', 'YYYY-MM-DD'), 43, 66, 43);
insert into bilhetes (bi_preco, bi_assento, bi_numVoo, bi_horario, bi_gate, bi_data, bi_cli_id, bi_ban_id, bi_loc_id) values(841.33, 'E5', 'RHM1607ZU', '9:27', 'GR459', TO_DATE('2024-04-03', 'YYYY-MM-DD'), 44, 33, 44);
insert into bilhetes (bi_preco, bi_assento, bi_numVoo, bi_horario, bi_gate, bi_data, bi_cli_id, bi_ban_id, bi_loc_id) values(837.66, 'G7', 'SCP3079RY', '11:47', 'T071', TO_DATE('2024-03-21', 'YYYY-MM-DD'), 45, 78, 45);
insert into bilhetes (bi_preco, bi_assento, bi_numVoo, bi_horario, bi_gate, bi_data, bi_cli_id, bi_ban_id, bi_loc_id) values(430.15, 'B2', 'VOO3188AV', '07:27', 'ZC648', TO_DATE('2024-02-10', 'YYYY-MM-DD'), 46, 47, 46);
insert into bilhetes (bi_preco, bi_assento, bi_numVoo, bi_horario, bi_gate, bi_data, bi_cli_id, bi_ban_id, bi_loc_id) values(480.17, 'G7', 'HYQ1117VV', '09:34', 'PC2', TO_DATE('2023-12-05', 'YYYY-MM-DD'), 47, 61, 15);
insert into bilhetes (bi_preco, bi_assento, bi_numVoo, bi_horario, bi_gate, bi_data, bi_cli_id, bi_ban_id, bi_loc_id) values(715.73, 'K10', 'TJP3491VU', '09:08', 'V4', TO_DATE('2023-12-05', 'YYYY-MM-DD'), 48, 43, 37);
insert into bilhetes (bi_preco, bi_assento, bi_numVoo, bi_horario, bi_gate, bi_data, bi_cli_id, bi_ban_id, bi_loc_id) values(606.63, 'G7', 'VQM0130XG', '03:49', 'OO4', TO_DATE('2024-01-24', 'YYYY-MM-DD'), 49, 72, 29);
insert into bilhetes (bi_preco, bi_assento, bi_numVoo, bi_horario, bi_gate, bi_data, bi_cli_id, bi_ban_id, bi_loc_id) values(209.91, 'F6', 'HES2112IP', '18:05', 'D45', TO_DATE('2023-12-02', 'YYYY-MM-DD'), 50, 57, 2);



-- Inserção de dados na tabela AviaoLoc
insert into aviaoLoc(loc_id, aviao_id) values(1, 5);
insert into aviaoLoc(loc_id, aviao_id) values(2, 18);
insert into aviaoLoc(loc_id, aviao_id) values(3, 7);
insert into aviaoLoc(loc_id, aviao_id) values(4, 16);
insert into aviaoLoc(loc_id, aviao_id) values(5, 2);
insert into aviaoLoc(loc_id, aviao_id) values(6, 13);
insert into aviaoLoc(loc_id, aviao_id) values(7, 8);
insert into aviaoLoc(loc_id, aviao_id) values(8, 14); 
insert into aviaoLoc(loc_id, aviao_id) values(9, 20);
insert into aviaoLoc(loc_id, aviao_id) values(10, 11);
insert into aviaoLoc(loc_id, aviao_id) values(11, 1);
insert into aviaoLoc(loc_id, aviao_id) values(12, 19);
insert into aviaoLoc(loc_id, aviao_id) values(13, 12);
insert into aviaoLoc(loc_id, aviao_id) values(14, 3);
insert into aviaoLoc(loc_id, aviao_id) values(15, 17);
insert into aviaoLoc(loc_id, aviao_id) values(16, 10);
insert into aviaoLoc(loc_id, aviao_id) values(17, 6);
insert into aviaoLoc(loc_id, aviao_id) values(18, 15);
insert into aviaoLoc(loc_id, aviao_id) values(19, 4);
insert into aviaoLoc(loc_id, aviao_id) values(20, 9);
insert into aviaoLoc(loc_id, aviao_id) values(21, 20);
insert into aviaoLoc(loc_id, aviao_id) values(22, 5);
insert into aviaoLoc(loc_id, aviao_id) values(23, 17);
insert into aviaoLoc(loc_id, aviao_id) values(24, 1);
insert into aviaoLoc(loc_id, aviao_id) values(25, 10);
insert into aviaoLoc(loc_id, aviao_id) values(26, 15);
insert into aviaoLoc(loc_id, aviao_id) values(27, 13);
insert into aviaoLoc(loc_id, aviao_id) values(28, 2);
insert into aviaoLoc(loc_id, aviao_id) values(29, 7);
insert into aviaoLoc(loc_id, aviao_id) values(30, 18);
insert into aviaoLoc(loc_id, aviao_id) values(31, 3);
insert into aviaoLoc(loc_id, aviao_id) values(32, 14);
insert into aviaoLoc(loc_id, aviao_id) values(33, 11);
insert into aviaoLoc(loc_id, aviao_id) values(34, 9);
insert into aviaoLoc(loc_id, aviao_id) values(35, 6);
insert into aviaoLoc(loc_id, aviao_id) values(36, 8);
insert into aviaoLoc(loc_id, aviao_id) values(37, 4);
insert into aviaoLoc(loc_id, aviao_id) values(38, 19);
insert into aviaoLoc(loc_id, aviao_id) values(39, 12);
insert into aviaoLoc(loc_id, aviao_id) values(40, 16);
insert into aviaoLoc(loc_id, aviao_id) values(41, 1);
insert into aviaoLoc(loc_id, aviao_id) values(42, 5);
insert into aviaoLoc(loc_id, aviao_id) values(43, 14);
insert into aviaoLoc(loc_id, aviao_id) values(44, 10);
insert into aviaoLoc(loc_id, aviao_id) values(45, 8);
insert into aviaoLoc(loc_id, aviao_id) values(46, 3);
